[
    {
        "name": "Каркассон",
        "short_description": "Каркассон — настольная стратегически-экономическая игра немецкого стиля. Разработана Клаусом-Юргеном Вреде в 2000 году. В 2001 году была удостоена награды «Игра года» в Германии. На данный момент в мире продано более 7 миллионов экземпляров игры. Игра заключается в пошаговом собирании игрового поля и размещении на нём фишек своих подданных. В зависимости от того, на какую местность поставлена фишка, она становится рыцарем, крестьянином, монахом или разбойником.",
        "description": "Создание поля\nВ начале игры на поле выкладывается «стартовый квадрат». В фирменной версии он отличается от прочих другой расцветкой рубашки. Стартовый квадрат содержит все возможные элементы местности, что исключает проблему нестыковки квадратов. После этого игроки определяют очерёдность хода и начинают выкладывать игровое поле. Квадраты можно ставить только так, чтобы они касались рядом стоящих квадратов. Причём местность на них должна состыковываться (дороги с дорогами, города с городами, поля с полями).\n\nФишки подданных\nКаждый игрок располагает 8 фишками подданных (одна из них используется для подсчёта очков). После того, как игрок выставил очередной «квадрат» поля, он может выставить одного своего подданного на этот квадрат. При этом игрок не может ставить фигурку на объект (город, дорогу или поле), уже занятый другим игроком. Но в процессе игры объекты могут объединиться в единое целое. Фигурки возвращаются к игроку после того, как их объект закончен. Соответственно фишка может принести очки несколько раз за игру. Исключение составляют крестьяне — они остаются на поле до конца игры.\n\nОчки победы\nВыставленные на поле фишки приносят очки, как только объект, который они занимают, закончен. То есть, как только дорога дошла до какого-то конца, город полностью окружён стенами, а монастырь — полностью окружён любыми квадратами. Недостроенные объекты приносят очки в конце игры, однако в некоторых случаях меньше, чем достроенные.\n\nКонец игры\nИгра заканчивается, как только заканчиваются все не выставленные на поле квадраты. После этого выполняется подсчёт очков для оставшихся на поле фишек. Выигрывает игрок, набравший больше всего очков.",
        "specifications": ["72 квадрата участков земли", "40 фишек пяти цветов", "Поле шкалы подсчёта очков", "Правила игры"],
        "price_now": 1300,
        "price_old": 1300,
        "quantity": 10,
        "image_url": "products/img/karkasson.jpg",
        "status": "new"
    },
    {
        "name": "Манчкин",
        "short_description": "Маннчкин — настольная карточная игра Стива Джексона с рисунками Джона Ковалика, которая пародирует настольные ролевые игры и коллекционные карточные игры (Magic: The Gathering). В 2001 году победитель американской премии Origins Awards в номинации «Лучшая карточная игра».",
        "description": "«Манчкин» — это ролевая игра по форме, пародия по содержанию. При создании игра была направлена на молодёжную аудиторию, знакомую с ролевыми играми. Тем не менее, играть в «Манчкина» можно в любом возрасте.\nВ игру лучше всего играть компанией от трёх до шести человек. Вдвоём можно играть только для изучения. Компании большего размера технически возможны, но чем больше количество игроков, тем реже они смогут сделать ход.\n\nГлавная цель игры состоит в достижении десятого уровня — главной характеристики персонажа в игре. Начинают все с первого, а дальше каждый повышает свои уровни сражаясь с монстрами, применением специальных карт или продавая снаряжение, в сумме превышающее 1000 голдов (местной валюты).\n\nДля игры предназначены две колоды — «двери» и «сокровища», и шестигранный кубик. Ход состоит из нескольких фаз — открытие двери в подземелье, то есть взятие карты из соответствующей колоды, затем действие по указаниям на карте, затем, если повезёт — получение вознаграждения в виде сокровищ, карт из второй колоды, и после этого, при необходимости, избавление от лишних карт.\nКарты игрока находятся в руке — в запасе, и могут быть частично выложены на игровой стол — тогда они действуют в игре.\n\nСхватка с монстром состоит в сравнении боевой силы монстра и игрока. Игрок может повышать свою боевую силу за счёт «шмоток», а также одноразовых бонусов. Если игрок не может победить монстра, он должен попытаться сбежать (смыться), кинув кубик. Если ему и это не удаётся, он подвергается «непотребствам», описанным в карте монстра — от потери нескольких или всех шмоток до смерти (так как игра является пародией на D&D, то смерть приводит к потере всех карт с сохранением уровня, расы и класса). Если же игрок побеждает, он получает уровень (или два, что зависит от количества монстров и описания их карт), а также одно или несколько сокровищ — карт из соответствующей колоды.\n\nОсновной особенностью является то, что во время «боя» другие игроки могут как помогать, так и мешать игроку, сражающемуся с монстром. Причём помогать может только один, и то с корыстными целями — например, за сокровища, — а мешать могут все остальные. Чем выше уровень сражающегося игрока, тем сильнее искушение помешать ему подняться ещё выше, дабы предотвратить его выигрыш.\n\nЕщё одной особенностью игры является поощрение нечестной игры: небескорыстная помощь, помощь в бою с целью не дать напарнику поднять уровень («задруживание» монстра). Игровые карты позволяют составлять хитрые комбинации. Инструкция пародирует сложные правила настольных игр и разногласия в толковании: в случае конфликтной ситуации, не описанной в правилах, спор решается громкой перебранкой между игроками, с последним словом за владельцем колоды (правило «Владелец колоды всегда прав»).\n",
        "specifications": ["168 карт", "Кубик для смывки", "Правила"],
        "price_now": 900,
        "price_old": 1000,
        "quantity": 10,
        "image_url": "products/img/manchkin.jpg",
        "status": "sale"
    },
    {
        "name": "Мачи Коро",
        "short_description": "Мачи Коро — игра для 2-5 игроков, которые хотят окунуться в уютную Японию. Вы берёте на себя роль мэра маленького, но амбициозного городка. Как мэр, который любит свой город, Вы хотите его процветания и развития. Стройте закусочные и аэропорты, украшайте улочки садами и достопримечательностями, а результат не заставит себя долго ждать. Но не забывайте, что близлежащие городки тоже не стоят на месте, и Вам предстоит вступить в нешуточную борьбу за право провозгласить свой город лучшим!",
        "description": "Как играть\nКаждый игрок получает 6 стартовых карт, две из которых обычные постройки, а четыре достопримечательности, которые еще надо построить, и 3 монетки. Карты раскладываются перед игроками. Это и есть ваш маленький городок. Постепенно Вы будете застраивать его новыми зданиями и развивать. Ход игроков делится на две фазы:\nФаза Доходов, в которую бросаются 1 или 2 кубика и по результатам броска игроки получают доход. Доход зависит от зданий имеющиеся в вашем городе, на которых указано число, при котором эффект карты срабатывает, и сам эффект здания\nФаза Строительства, в которую игроки решают, строить ли им предприятие или достопримечательность или нет. Если Вы решили строить, выбираете здание из резерва и оплачиваете стоимость постройки в банк. Если Вы хотите построить достопримечательность, то выплачиваете её цену в банк и переворачиваете карту перед собой. Если же Вы решили не заниматься строительством в этот ход, то передаёте ход следующему игроку.\nКто победил?\nЧтобы узнать, кто показал себя лучшим мэром, нужно осмотреть город. Тот из игроков, который первым построит четыре достопримечательности в своём городе, объявляется победителем.",
        "specifications": ["30 стартовых карт", "87 карт резерва", "60 монет различного номинала", "2 кубика", "Правила игры"],
        "price_now": 1000,
        "price_old": 1000,
        "quantity": 10,
        "image_url": "products/img/machi-koro.jpg",
        "status": "hot"
    }
]